Workbook

Sheet 总览
A1: AIPaddle E2E 测试流程总览（按业务场景）
A2: 依据：PRD_Core_v1.04 · docs/test-cases/ 用例库 · tests/e2e/ 可执行套件 | 生成日期 2026-07-18
A4: 场景 | B4: 业务场景名称 | C4: 涉及菜单 | D4: 启用阶段 | E4: 对应 spec 文件 | F4: 用例设计文档 | G4: 用例数(自动) | H4: 值比对通过(自动) | I4: 待测(自动)
A5: A-原型冒烟 | B5: 原型导航冒烟：全部菜单入口可达 | C5: 全部 7 个分组 / 工作台 / 平台管理 | D5: 现在可跑 | E5: tests/e2e/smoke.spec.ts | F5: TC-00 | G5: =COUNTIF('A-原型冒烟'!A:A,"TC-*") -> 4 | H5: =COUNTIF('A-原型冒烟'!G:G,"✅ 通过") -> 0 | I5: =COUNTIF('A-原型冒烟'!G:G,"待测") -> 4
A6: B-登录认证 | B6: 注册 / 登录 / 退出（认证闭环） | C6: 工作台 / （未登录） | D6: 切片0 | E6: tests/e2e/stages/s0-foundation.spec.ts | F6: TC-S0 AUTH | G6: =COUNTIF('B-登录认证'!A:A,"TC-*") -> 5 | H6: =COUNTIF('B-登录认证'!G:G,"✅ 通过") -> 0 | I6: =COUNTIF('B-登录认证'!G:G,"待测") -> 5
A7: C-租户隔离 | B7: 租户隔离专项（P0：任何一条失败即停线） | C7: Agent / 安全与管理 / 知识库 / （未登录） | D7: 切片0 | E7: tests/e2e/stages/s0-foundation.spec.ts | F7: TC-S0 ISO | G7: =COUNTIF('C-租户隔离'!A:A,"TC-*") -> 4 | H7: =COUNTIF('C-租户隔离'!G:G,"✅ 通过") -> 0 | I7: =COUNTIF('C-租户隔离'!G:G,"待测") -> 4
A8: D-Agent生命周期 | B8: Agent 全生命周期：创建→审核→发布→下线（PRD 4.1 流程） | C8: Agent / 安全与管理 | D8: 切片1 | E8: tests/e2e/stages/s1-agent.spec.ts | F8: TC-S1 CRUD/STM/REV | G8: =COUNTIF('D-Agent生命周期'!A:A,"TC-*") -> 6 | H8: =COUNTIF('D-Agent生命周期'!G:G,"✅ 通过") -> 0 | I8: =COUNTIF('D-Agent生命周期'!G:G,"待测") -> 6
A9: E-数字员工对话 | B9: 数字员工对话与调用日志（真实大模型） | C9: Agent | D9: 切片1 | E9: tests/e2e/stages/s1-agent.spec.ts | F9: TC-S1 CHAT/LOG | G9: =COUNTIF('E-数字员工对话'!A:A,"TC-*") -> 4 | H9: =COUNTIF('E-数字员工对话'!G:G,"✅ 通过") -> 0 | I9: =COUNTIF('E-数字员工对话'!G:G,"待测") -> 4
A10: F-知识库RAG | B10: 知识库上传→检索→RAG 问答（含计算结果比对） | C10: Agent / 知识库 | D10: 切片2 | E10: tests/e2e/stages/s2-knowledge.spec.ts | F10: TC-S2 | G10: =COUNTIF('F-知识库RAG'!A:A,"TC-*") -> 6 | H10: =COUNTIF('F-知识库RAG'!G:G,"✅ 通过") -> 0 | I10: =COUNTIF('F-知识库RAG'!G:G,"待测") -> 6
A11: G-SkillHub | B11: Skill 市场：创建→审核→安装（五类型） | C11: Skill / 安全与管理 | D11: 切片3 | E11: tests/e2e/stages/s3-s5-later.spec.ts | F11: TC-S3 | G11: =COUNTIF('G-SkillHub'!A:A,"TC-*") -> 4 | H11: =COUNTIF('G-SkillHub'!G:G,"✅ 通过") -> 0 | I11: =COUNTIF('G-SkillHub'!G:G,"待测") -> 4
A12: H-工作流 | B12: 工作流：画布编辑→保存→执行（最小引擎） | C12: 工作流 | D12: 切片4 | E12: tests/e2e/stages/s3-s5-later.spec.ts | F12: TC-S4 | G12: =COUNTIF('H-工作流'!A:A,"TC-*") -> 4 | H12: =COUNTIF('H-工作流'!G:G,"✅ 通过") -> 0 | I12: =COUNTIF('H-工作流'!G:G,"待测") -> 4
A13: I-成员租户 | B13: 成员管理与租户开通 / 停用 | C13: 安全与管理 / 平台管理 | D13: 切片5 | E13: tests/e2e/stages/s3-s5-later.spec.ts | F13: TC-S5 | G13: =COUNTIF('I-成员租户'!A:A,"TC-*") -> 4 | H13: =COUNTIF('I-成员租户'!G:G,"✅ 通过") -> 0 | I13: =COUNTIF('I-成员租户'!G:G,"待测") -> 4
F14: 合计 | G14: =SUM(G5:G13) -> 41 | H14: =SUM(H5:H13) -> 0 | I14: =SUM(I5:I13) -> 41
A16: 图例： | B16: 黄色 = 测试执行后需人工填写（交互比对、实际值）；「值比对」列自动计算：实际值与预期一致→✅ 通过，不一致→❌ 不一致，未填→待测
B17: 运行方式：E2E_STAGE=<切片号> pnpm test:e2e（未到阶段的场景自动跳过）

Sheet A-原型冒烟
A1: 业务场景：原型导航冒烟：全部菜单入口可达
A2: 启用阶段：现在可跑 | 可执行实现：tests/e2e/smoke.spec.ts | 用例设计：docs/test-cases/TC-00
A4: 一、测试流程（菜单 → 页面 → 功能 → 操作顺序）
A5: 步骤 | B5: 菜单（侧边栏分组） | C5: 页面 | D5: 功能 / 控件 | E5: 操作与顺序 | F5: 使用的测试数据
A6: 1 | B6: 工作台 | C6: 首页 | D6: 应用启动 | E6: pnpm dev 启动，打开 http://localhost:3000 | F6: —
A7: 2 | B7: 工作台 | C7: 监控 | D7: 顶栏标题 | E7: 确认默认落在「监控」页，顶栏标题正确 | F7: —
A8: 3 | B8: 全部 7 个分组 | C8: 全部 15 个页面 | D8: 侧边栏导航 | E8: 按 工作台→Agent→Skill→知识库→工作流→安全与管理→平台管理 顺序，逐组展开并点击每个入口 | F8: 15 个入口清单见 smoke.spec.ts NAV_ITEMS
A9: 4 | B9: 平台管理 | C9: Key 管理 / 账单管理 | D9: 占位页 | E9: 点击后确认显示「功能开发中」 | F9: —
A10: 5 | B10: — | C10: 全局 | D10: 用户菜单 | E10: 点击左下角用户头像 → 切换明/暗主题 | F10: 用户：陈雪（mock）
A12: 二、测试用例（预期 vs 实际比对）
A13: 用例ID | B13: 输入 / 测试数据 | C13: 预期用户交互结果（界面） | D13: 交互比对 (待填) | E13: 预期计算 / 数据值 | F13: 实际值 (测试后填入) | G13: 值比对（自动）
A14: TC-A1 | B14: 点击 Agent 分组 → 「Agent 管理」 | C14: 页面渲染 Agent 列表，无白屏无报错 | D14: 待测 | E14: 顶栏标题文本：Agent 管理 | G14: =IF(F14="","待测",IF(TEXT(F14,"@")="Agent 管理","✅ 通过","❌ 不一致")) -> 待测
A15: TC-A2 | B15: 点击 平台管理 分组 → 「Key 管理」 | C15: 显示开发中占位页 | D15: 待测 | E15: 主内容区提示文本：功能开发中 | G15: =IF(F15="","待测",IF(TEXT(F15,"@")="功能开发中","✅ 通过","❌ 不一致")) -> 待测
A16: TC-A3 | B16: 遍历侧边栏全部入口 | C16: 每页均正常渲染，控制台无 error | D16: 待测 | E16: 可达入口数量：15 | G16: =IF(F16="","待测",IF(TEXT(F16,"@")="15","✅ 通过","❌ 不一致")) -> 待测
A17: TC-A4 | B17: 用户菜单 → 切换主题 | C17: 全局配色切换，内容仍可读 | D17: 待测 | E17: html 元素 dark class 变化：已切换 | G17: =IF(F17="","待测",IF(TEXT(F17,"@")="已切换","✅ 通过","❌ 不一致")) -> 待测
A19: 说明：「实际值」按「预期计算/数据值」冒号后的格式填写（如 599;899、N+1 按实测数字换算后填与预期同格式的结果）；填入后「值比对」自动判定。「交互比对」由测试人下拉选择。

Sheet B-登录认证
A1: 业务场景：注册 / 登录 / 退出（认证闭环）
A2: 启用阶段：切片0 | 可执行实现：tests/e2e/stages/s0-foundation.spec.ts | 用例设计：docs/test-cases/TC-S0 AUTH
A4: 一、测试流程（菜单 → 页面 → 功能 → 操作顺序）
A5: 步骤 | B5: 菜单（侧边栏分组） | C5: 页面 | D5: 功能 / 控件 | E5: 操作与顺序 | F5: 使用的测试数据
A6: 1 | B6: （未登录） | C6: /register 注册页 | D6: 注册表单 | E6: ① 打开注册页 ② 填邮箱 ③ 填密码 ④ 点击「注册」 | F6: e2e.reg.<时间戳>@aipaddle-test.local
A7: 2 | B7: （未登录） | C7: /login 登录页 | D7: 登录表单 | E7: ⑤ 填邮箱密码 ⑥ 点击「登录」 | F7: admin.a@aipaddle-test.local / E2e!AdminA_2026
A8: 3 | B8: 工作台 | C8: 监控 Dashboard | D8: 登录态校验 | E8: ⑦ 确认跳转 Dashboard，左下角显示用户名 | F8: 期望显示：陈雪
A9: 4 | B9: — | C9: 全局 | D9: 用户菜单→退出登录 | E9: ⑧ 退出 ⑨ 直接访问首页 URL | F9: —
A10: 5 | B10: （未登录） | C10: /login | D10: 路由守卫 | E10: ⑩ 确认被踢回登录页 | F10: —
A12: 二、测试用例（预期 vs 实际比对）
A13: 用例ID | B13: 输入 / 测试数据 | C13: 预期用户交互结果（界面） | D13: 交互比对 (待填) | E13: 预期计算 / 数据值 | F13: 实际值 (测试后填入) | G13: 值比对（自动）
A14: TC-B1 | B14: 正确凭证：admin.a@aipaddle-test.local / E2e!AdminA_2026 | C14: 跳转 Dashboard，用户菜单显示姓名 | D14: 待测 | E14: 用户菜单显示名：陈雪 | G14: =IF(F14="","待测",IF(TEXT(F14,"@")="陈雪","✅ 通过","❌ 不一致")) -> 待测
A15: TC-B2 | B15: 错误密码：admin.a@aipaddle-test.local / wrong-password | C15: 停留登录页并提示错误 | D15: 待测 | E15: 错误提示关键词：密码错误 | G15: =IF(F15="","待测",IF(TEXT(F15,"@")="密码错误","✅ 通过","❌ 不一致")) -> 待测
A16: TC-B3 | B16: 非法邮箱：not-an-email / x | C16: 前端校验拦截，不发请求 | D16: 待测 | E16: 错误提示关键词：邮箱格式 | G16: =IF(F16="","待测",IF(TEXT(F16,"@")="邮箱格式","✅ 通过","❌ 不一致")) -> 待测
A17: TC-B4 | B17: 重复注册已存在邮箱 admin.a@aipaddle-test.local | C17: 注册被拒并提示 | D17: 待测 | E17: 错误提示关键词：已注册 | G17: =IF(F17="","待测",IF(TEXT(F17,"@")="已注册","✅ 通过","❌ 不一致")) -> 待测
A18: TC-B5 | B18: 退出后直接访问受保护页 / | C18: 被重定向 | D18: 待测 | E18: 落地 URL 包含：/login | G18: =IF(F18="","待测",IF(TEXT(F18,"@")="/login","✅ 通过","❌ 不一致")) -> 待测
A20: 说明：「实际值」按「预期计算/数据值」冒号后的格式填写（如 599;899、N+1 按实测数字换算后填与预期同格式的结果）；填入后「值比对」自动判定。「交互比对」由测试人下拉选择。

Sheet C-租户隔离
A1: 业务场景：租户隔离专项（P0：任何一条失败即停线）
A2: 启用阶段：切片0 | 可执行实现：tests/e2e/stages/s0-foundation.spec.ts | 用例设计：docs/test-cases/TC-S0 ISO
A4: 一、测试流程（菜单 → 页面 → 功能 → 操作顺序）
A5: 步骤 | B5: 菜单（侧边栏分组） | C5: 页面 | D5: 功能 / 控件 | E5: 操作与顺序 | F5: 使用的测试数据
A6: 1 | B6: （未登录） | C6: /login | D6: 登录 | E6: ① 以租户 B 管理员登录 | F6: admin.b@aipaddle-test.local / E2e!AdminB_2026
A7: 2 | B7: Agent / 安全与管理 / 知识库 | C7: Agent 管理、成员管理、知识库管理 | D7: 列表页 | E7: ② 逐页浏览，检查不出现租户 A 的任何数据 | F7: A 租户标志物：示范科技 / 客服问答助手 / admin.a@…
A8: 3 | B8: — | C8: API 层 | D8: 越权读 | E8: ③ 携 B 会话直调 GET /api/agents/{A 的 AgentID} | F8: A 资源 ID 由 /api/e2e/seed-info 提供
A9: 4 | B9: — | C9: API 层 | D9: 越权写 | E9: ④ 携 B 会话 PATCH 同一资源改 name | F9: payload: {name:'越权修改'}
A10: 5 | B10: — | C10: API 层 | D10: ID 猜测 | E10: ⑤ 猜测 ID：1、2、00000000-…-0001 逐个 GET | F10: —
A12: 二、测试用例（预期 vs 实际比对）
A13: 用例ID | B13: 输入 / 测试数据 | C13: 预期用户交互结果（界面） | D13: 交互比对 (待填) | E13: 预期计算 / 数据值 | F13: 实际值 (测试后填入) | G13: 值比对（自动）
A14: TC-C1 | B14: adminB 打开 Agent 管理列表 | C14: 页面正常但只显示 B 租户数据 | D14: 待测 | E14: 「客服问答助手」出现次数：0 | G14: =IF(F14="","待测",IF(TEXT(F14,"@")="0","✅ 通过","❌ 不一致")) -> 待测
A15: TC-C2 | B15: GET /api/agents/{orgA-agent-id}（B 会话） | C15: 拒绝访问，响应体不含 A 数据 | D15: 待测 | E15: HTTP 状态码：403或404 | G15: =IF(F15="","待测",IF(TEXT(F15,"@")="403或404","✅ 通过","❌ 不一致")) -> 待测
A16: TC-C3 | B16: PATCH /api/agents/{orgA-agent-id} name=越权修改 | C16: 拒绝写入，A 数据不变 | D16: 待测 | E16: A 侧该 Agent 名称：客服问答助手 | G16: =IF(F16="","待测",IF(TEXT(F16,"@")="客服问答助手","✅ 通过","❌ 不一致")) -> 待测
A17: TC-C4 | B17: GET /api/agents/1（猜测 ID） | C17: 统一 404，不暴露存在性 | D17: 待测 | E17: HTTP 状态码：404 | G17: =IF(F17="","待测",IF(TEXT(F17,"@")="404","✅ 通过","❌ 不一致")) -> 待测
A19: 说明：「实际值」按「预期计算/数据值」冒号后的格式填写（如 599;899、N+1 按实测数字换算后填与预期同格式的结果）；填入后「值比对」自动判定。「交互比对」由测试人下拉选择。

Sheet D-Agent生命周期
A1: 业务场景：Agent 全生命周期：创建→审核→发布→下线（PRD 4.1 流程）
A2: 启用阶段：切片1 | 可执行实现：tests/e2e/stages/s1-agent.spec.ts | 用例设计：docs/test-cases/TC-S1 CRUD/STM/REV
A4: 一、测试流程（菜单 → 页面 → 功能 → 操作顺序）
A5: 步骤 | B5: 菜单（侧边栏分组） | C5: 页面 | D5: 功能 / 控件 | E5: 操作与顺序 | F5: 使用的测试数据
A6: 1 | B6: Agent | C6: Agent 管理 | D6: 「创建 Agent」按钮 | E6: ① 开发者李工登录 ② 点创建 ③ 填名称/描述/部门 ④ 勾选使用场景 ⑤ 保存 | F6: 客服问答助手 / 市场部 / 场景：web+wecom
A7: 2 | B7: Agent | C7: Agent 管理列表 | D7: 状态标签 | E7: ⑥ 确认新行状态=草稿，草稿统计卡 +1 | F7: —
A8: 3 | B8: Agent | C8: Agent 管理列表 | D8: 「提交审核」 | E8: ⑦ 提交，状态变待审核 | F8: —
A9: 4 | B9: 安全与管理 | C9: 安全管理 | D9: 审核队列「批准」 | E9: ⑧ 切管理员陈雪 ⑨ 找到审核单 ⑩ 批准 | F9: 审核单 type=agent
A10: 5 | B10: Agent | C10: Agent 管理列表 | D10: 状态标签 | E10: ⑪ 回列表确认状态=已发布 | F10: —
A11: 6 | B11: Agent | C11: Agent 管理列表 | D11: 「下线」 | E11: ⑫ 下线，状态=已下线 | F11: —
A13: 二、测试用例（预期 vs 实际比对）
A14: 用例ID | B14: 输入 / 测试数据 | C14: 预期用户交互结果（界面） | D14: 交互比对 (待填) | E14: 预期计算 / 数据值 | F14: 实际值 (测试后填入) | G14: 值比对（自动）
A15: TC-D1 | B15: 创建：名称=客服问答助手，部门=市场部，场景=web+wecom | C15: 列表新增一行，初始状态为草稿 | D15: 待测 | E15: 新行状态标签：草稿 | G15: =IF(F15="","待测",IF(TEXT(F15,"@")="草稿","✅ 通过","❌ 不一致")) -> 待测
A16: TC-D2 | B16: 创建：名称=空 | C16: 表单校验拦截，逐字段报错 | D16: 待测 | E16: 错误提示关键词：名称不能为空 | G16: =IF(F16="","待测",IF(TEXT(F16,"@")="名称不能为空","✅ 通过","❌ 不一致")) -> 待测
A17: TC-D3 | B17: 创建：名称=101 个字符 | C17: 校验拦截 | D17: 待测 | E17: 错误提示关键词：名称过长 | G17: =IF(F17="","待测",IF(TEXT(F17,"@")="名称过长","✅ 通过","❌ 不一致")) -> 待测
A18: TC-D4 | B18: 完整链路：提交审核→管理员批准 | C18: 状态流转 草稿→待审核→已发布，全程留审计 | D18: 待测 | E18: 最终状态 / 新增审计条数：已发布 / 2 | G18: =IF(F18="","待测",IF(TEXT(F18,"@")="已发布 / 2","✅ 通过","❌ 不一致")) -> 待测
A19: TC-D5 | B19: API 直调非法流转：draft→published（跳过审核） | C19: 服务端拒绝，状态不变 | D19: 待测 | E19: HTTP 状态码：409或422 | G19: =IF(F19="","待测",IF(TEXT(F19,"@")="409或422","✅ 通过","❌ 不一致")) -> 待测
A20: TC-D6 | B20: 开发者李工打开安全管理页 | C20: 无审核权限：看不到批准按钮 | D20: 待测 | E20: 「批准」按钮数量：0 | G20: =IF(F20="","待测",IF(TEXT(F20,"@")="0","✅ 通过","❌ 不一致")) -> 待测
A22: 说明：「实际值」按「预期计算/数据值」冒号后的格式填写（如 599;899、N+1 按实测数字换算后填与预期同格式的结果）；填入后「值比对」自动判定。「交互比对」由测试人下拉选择。

Sheet E-数字员工对话
A1: 业务场景：数字员工对话与调用日志（真实大模型）
A2: 启用阶段：切片1 | 可执行实现：tests/e2e/stages/s1-agent.spec.ts | 用例设计：docs/test-cases/TC-S1 CHAT/LOG
A4: 一、测试流程（菜单 → 页面 → 功能 → 操作顺序）
A5: 步骤 | B5: 菜单（侧边栏分组） | C5: 页面 | D5: 功能 / 控件 | E5: 操作与顺序 | F5: 使用的测试数据
A6: 1 | B6: Agent | C6: 数字员工 | D6: Agent 卡片 | E6: ① 普通用户王芳登录 ② 选择已发布的「客服问答助手」 | F6: user.a@aipaddle-test.local
A7: 2 | B7: Agent | C7: 数字员工-对话 | D7: 输入框+发送 | E7: ③ 输入问题 ④ 点发送 ⑤ 等待回复 | F7: 问题：你好，请介绍一下你能做什么
A8: 3 | B8: Agent | C8: 数字员工-对话 | D8: 历史记录 | E8: ⑥ 刷新页面确认历史仍在 | F8: —
A9: 4 | B9: Agent | C9: Agent 管理-详情 | D9: 性能指标 | E9: ⑦ 切管理员查看该 Agent 调用次数变化 | F9: 指标元素 metric-calls
A10: 5 | B10: Agent | C10: 数字员工-对话 | D10: 故障降级 | E10: ⑧ 带 ?e2e-fault=llm 重试发送 | F10: 故障注入参数（仅测试环境）
A12: 二、测试用例（预期 vs 实际比对）
A13: 用例ID | B13: 输入 / 测试数据 | C13: 预期用户交互结果（界面） | D13: 交互比对 (待填) | E13: 预期计算 / 数据值 | F13: 实际值 (测试后填入) | G13: 值比对（自动）
A14: TC-E1 | B14: 发送：你好，请介绍一下你能做什么 | C14: 30 秒内收到相关回复，无报错 | D14: 待测 | E14: 回复文本长度：>10 | G14: =IF(F14="","待测",IF(TEXT(F14,"@")=">10","✅ 通过","❌ 不一致")) -> 待测
A15: TC-E2 | B15: 记录发送前调用次数 N，再发送 1 条 | C15: 管理端指标同步刷新 | D15: 待测 | E15: 发送后调用次数：N+1 | G15: =IF(F15="","待测",IF(TEXT(F15,"@")="N+1","✅ 通过","❌ 不一致")) -> 待测
A16: TC-E3 | B16: ?e2e-fault=llm 下发送任意消息 | C16: 友好错误提示，可重试，不白屏 | D16: 待测 | E16: 提示关键词：暂时无法回复 | G16: =IF(F16="","待测",IF(TEXT(F16,"@")="暂时无法回复","✅ 通过","❌ 不一致")) -> 待测
A17: TC-E4 | B17: 王芳发送带唯一标记的消息后刷新；再用李工账号查看同一 Agent | C17: 本人刷新后历史仍在；他人不可见 | D17: 待测 | E17: 他人页面该标记出现次数：0 | G17: =IF(F17="","待测",IF(TEXT(F17,"@")="0","✅ 通过","❌ 不一致")) -> 待测
A19: 说明：「实际值」按「预期计算/数据值」冒号后的格式填写（如 599;899、N+1 按实测数字换算后填与预期同格式的结果）；填入后「值比对」自动判定。「交互比对」由测试人下拉选择。

Sheet F-知识库RAG
A1: 业务场景：知识库上传→检索→RAG 问答（含计算结果比对）
A2: 启用阶段：切片2 | 可执行实现：tests/e2e/stages/s2-knowledge.spec.ts | 用例设计：docs/test-cases/TC-S2
A4: 一、测试流程（菜单 → 页面 → 功能 → 操作顺序）
A5: 步骤 | B5: 菜单（侧边栏分组） | C5: 页面 | D5: 功能 / 控件 | E5: 操作与顺序 | F5: 使用的测试数据
A6: 1 | B6: 知识库 | C6: 知识库管理 | D6: 「上传文档」 | E6: ① 李工登录 ② 进入产品知识库 ③ 上传 3 份固定 PDF ④ 等状态变 active | F6: product-manual.pdf / price-table.pdf / hr-policy.pdf
A7: 2 | B7: 知识库 | C7: 知识库管理-详情 | D7: 「测试检索」 | E7: ⑤ 输入问题检索 ⑥ 检查相关块与评分降序 | F7: 问题：X1 保修多久
A8: 3 | B8: Agent | C8: Agent 管理 | D8: 关联知识库 | E8: ⑦ 给「客服问答助手」关联产品知识库 | F8: —
A9: 4 | B9: Agent | C9: 数字员工-对话 | D9: RAG 问答 | E9: ⑧ 王芳按金标准问答集逐题提问 ⑨ 核对答案要点与引用 | F9: 金标准样例 8 题（golden-set）
A10: 5 | B10: 知识库 | C10: 知识库管理 | D10: 删除文档 | E10: ⑩ 删除 hr-policy.pdf ⑪ 复问其独有问题，确认不再引用 | F10: 问题：新员工年假有几天？
A12: 二、测试用例（预期 vs 实际比对）
A13: 用例ID | B13: 输入 / 测试数据 | C13: 预期用户交互结果（界面） | D13: 交互比对 (待填) | E13: 预期计算 / 数据值 | F13: 实际值 (测试后填入) | G13: 值比对（自动）
A14: TC-F1 | B14: 问：X1 标准版和 Pro 版分别多少钱？ | C14: 回答给出两档价格并附引用标注 | D14: 待测 | E14: 回答须包含的数值 / 引用文档：599;899 / price-table.pdf | G14: =IF(F14="","待测",IF(TEXT(F14,"@")="599;899 / price-table.pdf","✅ 通过","❌ 不一致")) -> 待测
A15: TC-F2 | B15: 问：X1 的保修期多久？ | C15: 回答明确保修期并附引用 | D15: 待测 | E15: 答案要点 / 引用文档：3 年 / product-manual.pdf | G15: =IF(F15="","待测",IF(TEXT(F15,"@")="3 年 / product-manual.pdf","✅ 通过","❌ 不一致")) -> 待测
A16: TC-F3 | B16: 问：公司买 60 台 X1 能打折吗？（跨段推理） | C16: 回答结合「50 台起 8 折」推理出可打折 | D16: 待测 | E16: 答案要点：8 折 | G16: =IF(F16="","待测",IF(TEXT(F16,"@")="8 折","✅ 通过","❌ 不一致")) -> 待测
A17: TC-F4 | B17: 问：竞品华硕路由器怎么样？（语料外） | C17: 如实拒答，不编造 | D17: 待测 | E17: 回答关键词 / 引用数量：未找到 / 0 | G17: =IF(F17="","待测",IF(TEXT(F17,"@")="未找到 / 0","✅ 通过","❌ 不一致")) -> 待测
A18: TC-F5 | B18: 上传 malware.exe | C18: 前后端双重拒绝 | D18: 待测 | E18: 错误提示关键词：不支持的格式 | G18: =IF(F18="","待测",IF(TEXT(F18,"@")="不支持的格式","✅ 通过","❌ 不一致")) -> 待测
A19: TC-F6 | B19: 脚本跑金标准全集（≥20 题）pnpm test:rag-eval | C19: 输出通过率报告 | D19: 待测 | E19: 要点命中率：≥80% | G19: =IF(F19="","待测",IF(TEXT(F19,"@")="≥80%","✅ 通过","❌ 不一致")) -> 待测
A21: 说明：「实际值」按「预期计算/数据值」冒号后的格式填写（如 599;899、N+1 按实测数字换算后填与预期同格式的结果）；填入后「值比对」自动判定。「交互比对」由测试人下拉选择。

Sheet G-SkillHub
A1: 业务场景：Skill 市场：创建→审核→安装（五类型）
A2: 启用阶段：切片3 | 可执行实现：tests/e2e/stages/s3-s5-later.spec.ts | 用例设计：docs/test-cases/TC-S3
A4: 一、测试流程（菜单 → 页面 → 功能 → 操作顺序）
A5: 步骤 | B5: 菜单（侧边栏分组） | C5: 页面 | D5: 功能 / 控件 | E5: 操作与顺序 | F5: 使用的测试数据
A6: 1 | B6: Skill | C6: Skill Hub | D6: 「创建 Skill」 | E6: ① 李工登录 ② 依次创建 5 种类型 Skill ③ 设风险等级 | F6: MCP/API/DB/Workflow/Prompt 各 1（见 SKILLS 数据）
A7: 2 | B7: Skill | C7: Skill Hub-详情 | D7: 「发布」 | E7: ④ 发布高风险 Skill（销售数据查询/DB/高） | F7: riskLevel=high
A8: 3 | B8: 安全与管理 | C8: 安全管理 | D8: 审核队列 | E8: ⑤ 确认进入待审核而非直接发布 | F8: —
A9: 4 | B9: Skill | C9: Skill Hub-详情 | D9: 「安装」/「卸载」 | E9: ⑥ 王芳安装低风险「天气查询」 ⑦ 卸载再装验证幂等 | F9: riskLevel=low
A11: 二、测试用例（预期 vs 实际比对）
A12: 用例ID | B12: 输入 / 测试数据 | C12: 预期用户交互结果（界面） | D12: 交互比对 (待填) | E12: 预期计算 / 数据值 | F12: 实际值 (测试后填入) | G12: 值比对（自动）
A13: TC-G1 | B13: 发布 高风险 Skill：销售数据查询（DB 型） | C13: 提示已提交审核，状态不直接变已发布 | D13: 待测 | E13: 提交后状态：待审核 | G13: =IF(F13="","待测",IF(TEXT(F13,"@")="待审核","✅ 通过","❌ 不一致")) -> 待测
A14: TC-G2 | B14: 记录「天气查询」安装量 M，点击安装 | C14: 按钮变为「卸载」，计数刷新 | D14: 待测 | E14: 安装量：M+1 | G14: =IF(F14="","待测",IF(TEXT(F14,"@")="M+1","✅ 通过","❌ 不一致")) -> 待测
A15: TC-G3 | B15: 卸载后再安装（幂等验证） | C15: 计数不重复累加 | D15: 待测 | E15: 安装量：M+1 | G15: =IF(F15="","待测",IF(TEXT(F15,"@")="M+1","✅ 通过","❌ 不一致")) -> 待测
A16: TC-G4 | B16: 创建 5 种类型各 1 个 | C16: 列表按类型筛选各能查到 | D16: 待测 | E16: 类型筛选结果数（每类）：1 | G16: =IF(F16="","待测",IF(TEXT(F16,"@")="1","✅ 通过","❌ 不一致")) -> 待测
A18: 说明：「实际值」按「预期计算/数据值」冒号后的格式填写（如 599;899、N+1 按实测数字换算后填与预期同格式的结果）；填入后「值比对」自动判定。「交互比对」由测试人下拉选择。

Sheet H-工作流
A1: 业务场景：工作流：画布编辑→保存→执行（最小引擎）
A2: 启用阶段：切片4 | 可执行实现：tests/e2e/stages/s3-s5-later.spec.ts | 用例设计：docs/test-cases/TC-S4
A4: 一、测试流程（菜单 → 页面 → 功能 → 操作顺序）
A5: 步骤 | B5: 菜单（侧边栏分组） | C5: 页面 | D5: 功能 / 控件 | E5: 操作与顺序 | F5: 使用的测试数据
A6: 1 | B6: 工作流 | C6: 工作流管理 | D6: 「创建工作流」 | E6: ① 李工登录 ② 新建「文档摘要流」 | F6: —
A7: 2 | B7: 工作流 | C7: 画布编辑器 | D7: 节点面板拖拽 | E7: ③ 依次拖入 开始→LLM→结束 ④ 连线 ⑤ LLM 节点填提示词 | F7: 提示词：请把输入文本总结为 3 句话
A8: 3 | B8: 工作流 | C8: 画布编辑器 | D8: 「保存」+刷新 | E8: ⑥ 保存 ⑦ 刷新页面验证画布恢复 | F8: —
A9: 4 | B9: 工作流 | C9: 画布编辑器 | D9: 「运行」 | E9: ⑧ 填测试输入 ⑨ 执行 ⑩ 逐节点看状态 ⑪ 查看输出 | F9: 输入：AIPaddle 是企业级 AI 运营管理平台…（固定文本）
A11: 二、测试用例（预期 vs 实际比对）
A12: 用例ID | B12: 输入 / 测试数据 | C12: 预期用户交互结果（界面） | D12: 交互比对 (待填) | E12: 预期计算 / 数据值 | F12: 实际值 (测试后填入) | G12: 值比对（自动）
A13: TC-H1 | B13: 保存三节点流后刷新页面 | C13: 画布原样恢复（位置/连线/配置） | D13: 待测 | E13: 画布节点数量：3 | G13: =IF(F13="","待测",IF(TEXT(F13,"@")="3","✅ 通过","❌ 不一致")) -> 待测
A14: TC-H2 | B14: 构造无开始节点的图并保存 | C14: 保存被拦截并定位问题 | D14: 待测 | E14: 错误提示关键词：缺少开始节点 | G14: =IF(F14="","待测",IF(TEXT(F14,"@")="缺少开始节点","✅ 通过","❌ 不一致")) -> 待测
A15: TC-H3 | B15: 执行「文档摘要流」+固定输入文本 | C15: 三节点依次 running→succeeded，输出摘要 | D15: 待测 | E15: 成功节点数 / 输出包含：3 / AIPaddle | G15: =IF(F15="","待测",IF(TEXT(F15,"@")="3 / AIPaddle","✅ 通过","❌ 不一致")) -> 待测
A16: TC-H4 | B16: 构造自环连线并保存 | C16: 校验拦截 | D16: 待测 | E16: 错误提示关键词：不允许循环连接 | G16: =IF(F16="","待测",IF(TEXT(F16,"@")="不允许循环连接","✅ 通过","❌ 不一致")) -> 待测
A18: 说明：「实际值」按「预期计算/数据值」冒号后的格式填写（如 599;899、N+1 按实测数字换算后填与预期同格式的结果）；填入后「值比对」自动判定。「交互比对」由测试人下拉选择。

Sheet I-成员租户
A1: 业务场景：成员管理与租户开通 / 停用
A2: 启用阶段：切片5 | 可执行实现：tests/e2e/stages/s3-s5-later.spec.ts | 用例设计：docs/test-cases/TC-S5
A4: 一、测试流程（菜单 → 页面 → 功能 → 操作顺序）
A5: 步骤 | B5: 菜单（侧边栏分组） | C5: 页面 | D5: 功能 / 控件 | E5: 操作与顺序 | F5: 使用的测试数据
A6: 1 | B6: 安全与管理 | C6: 成员管理 | D6: 「邀请成员」 | E6: ① 陈雪登录 ② 邀请吴新人(Developer/研发部) ③ 重复邀请验证幂等 | F6: new.dev@aipaddle-test.local
A7: 2 | B7: 平台管理 | C7: 租户管理 | D7: 「开通企业」四区块表单 | E7: ④ 填企业信息/联系人/套餐配额/高级设置 ⑤ 提交 | F7: 新奇点智能 XQD-AI / 标准版 / Token 1,000,000
A8: 3 | B8: 平台管理 | C8: 租户管理-列表 | D8: 「暂停服务」 | E8: ⑥ 暂停新租户 ⑦ 用其账号尝试登录 | F8: zhou.xin@aipaddle-test.local
A10: 二、测试用例（预期 vs 实际比对）
A11: 用例ID | B11: 输入 / 测试数据 | C11: 预期用户交互结果（界面） | D11: 交互比对 (待填) | E11: 预期计算 / 数据值 | F11: 实际值 (测试后填入) | G11: 值比对（自动）
A12: TC-I1 | B12: 邀请 new.dev@aipaddle-test.local，随后重复邀请一次 | C12: 第一次成功，第二次提示已邀请 | D12: 待测 | E12: 成员列表该邮箱行数：1 | G12: =IF(F12="","待测",IF(TEXT(F12,"@")="1","✅ 通过","❌ 不一致")) -> 待测
A13: TC-I2 | B13: 开通企业：新奇点智能 / 编码 XQD-AI / Token 配额 1000000 | C13: 列表新增租户，配额正确显示 | D13: 待测 | E13: 详情页 Token 配额：1000000 | G13: =IF(F13="","待测",IF(TEXT(F13,"@")="1000000","✅ 通过","❌ 不一致")) -> 待测
A14: TC-I3 | B14: 开通企业：编码填 DEMO-TECH（与示范科技冲突） | C14: 提交被拒 | D14: 待测 | E14: 错误提示关键词：编码已存在 | G14: =IF(F14="","待测",IF(TEXT(F14,"@")="编码已存在","✅ 通过","❌ 不一致")) -> 待测
A15: TC-I4 | B15: 暂停「新奇点智能」后用周新账号登录 | C15: 登录被拒并提示租户已暂停 | D15: 待测 | E15: 登录结果：拒绝 | G15: =IF(F15="","待测",IF(TEXT(F15,"@")="拒绝","✅ 通过","❌ 不一致")) -> 待测
A17: 说明：「实际值」按「预期计算/数据值」冒号后的格式填写（如 599;899、N+1 按实测数字换算后填与预期同格式的结果）；填入后「值比对」自动判定。「交互比对」由测试人下拉选择。
